INSERT INTO public.links (id,created_at,updated_at,title,url,page_id,sort_order) VALUES
	 ('691ead3b-1450-458b-88c1-ee5dba37d90a','2020-03-11 21:46:27.116','2020-03-11 21:46:27.116','Nusadaily.com','https://nusadaily.com/','4bf69177-b0e0-402b-aa8f-42e84490e599',0),
	 ('71bdcb71-4b8b-45e7-bf3f-d8c858ef0edf','2020-03-11 21:48:24.454','2020-03-11 21:48:24.454','LinkedIn','https://www.linkedin.com/in/rebecca-arantes/','0afdc87d-a584-4faf-b619-8f234378610b',0),
	 ('6f842d0c-8c4d-4ce7-aeff-2ff74747ddd2','2020-03-11 21:48:24.462','2020-03-11 21:48:24.462','Instagram','https://www.instagram.com/beccaarantes/','0afdc87d-a584-4faf-b619-8f234378610b',0),
	 ('10b93681-a136-4c7f-9220-6efaa4e7d444','2020-09-08 18:28:31.197','2020-09-08 18:28:31.197','Tour pela minha casa ','https://youtu.be/gk39EMNFMXY','2567a7a0-7235-495a-b7d1-d06a28b80f1f',0),
	 ('b3643085-83b9-47c9-9b77-f574d0bb5ce0','2020-09-08 18:29:06.634','2020-09-08 18:29:06.634','O caso isabela nardoni ','https://youtu.be/iIzfn0q38y4','2567a7a0-7235-495a-b7d1-d06a28b80f1f',0),
	 ('9cab7c3c-43d8-4e58-bcf5-18aa6e296349','2020-04-07 18:06:01.093','2020-04-07 18:06:01.093','Liv Up | Alimentação prática e saudável','www.livup.com.br','9df41be6-4989-48d7-88b5-1180a779f9a5',0),
	 ('b4ece3d7-5beb-4305-8647-ecef12fd17a9','2020-04-07 18:06:14.262','2020-04-07 18:06:14.262','Google','www.google.com.br','9df41be6-4989-48d7-88b5-1180a779f9a5',0),
	 ('6b2832af-c060-4ed9-b450-5a92e4c51eb9','2020-04-28 15:26:36.102','2020-04-28 15:26:36.102','My Dating Profile','http://realdate.best','169a8a8f-2633-418d-9a32-bbbcbbe52a07',0),
	 ('bfbcb60b-0f8e-475f-b649-ff6801f64e31','2020-04-28 15:26:37.296','2020-04-28 15:27:09.06','My Cam Profile','http://stripchat.life','169a8a8f-2633-418d-9a32-bbbcbbe52a07',0),
	 ('ed0b1adc-1dc7-43e0-8fb1-1fa9786fed77','2020-05-02 12:52:07.292','2020-05-02 12:52:07.292','Sitio Web','https://www.juanranas.com/','0f863e40-63cb-4bd9-9011-5cabdeebbe27',0);
INSERT INTO public.links (id,created_at,updated_at,title,url,page_id,sort_order) VALUES
	 ('b07deef8-0199-492d-b861-f94276c1648b','2020-05-02 12:52:58.738','2020-05-02 12:52:58.738','Tomate Frito Casero. 12 uds. 360g. ','https://www.juanranas.com/producto/tomate-frito-casero-12-uds-360g-receta-de-tomate-clasica-12uds/','0f863e40-63cb-4bd9-9011-5cabdeebbe27',0),
	 ('11e8ff24-6cfa-4629-8e3f-030969ca07ab','2020-05-02 12:53:21.879','2020-05-02 12:53:21.879','Bloody Mary preparado mix natural para coctel.','https://www.juanranas.com/producto/bloody-mary-preparado-mix-natural-coctel/','0f863e40-63cb-4bd9-9011-5cabdeebbe27',0),
	 ('44a8b8c0-44c0-4e97-a263-f4bc687f2a75','2020-03-11 21:48:24.469','2020-10-13 14:11:20.772','Bordados','https://www.instagram.com/bordadodabecca','0afdc87d-a584-4faf-b619-8f234378610b',0),
	 ('8b41a50f-8db5-412b-bdee-287f7676ce6a','2020-08-24 11:43:45.337','2020-08-24 11:45:07.261','Formação em Constelação Familiar - Início 19/11','https://escoladovazio.com.br/formacoes/','d873cbbc-f432-4fa9-8c7a-29a913984cac',0),
	 ('9cd7b239-69d6-46af-8c5e-873a8599f052','2020-08-20 13:02:17.887','2020-08-24 11:48:41.026','Site da Escola do Vazio','https://escoladovazio.com.br/','d873cbbc-f432-4fa9-8c7a-29a913984cac',0),
	 ('af092cd7-f7b9-46c2-bd68-0bd731832135','2020-08-24 11:43:32.432','2020-08-24 11:48:54.519','Grupo de Estudos - Início 23/09','https://escoladovazio.com.br/grupo-de-estudos/','d873cbbc-f432-4fa9-8c7a-29a913984cac',0),
	 ('f12ef8c6-b7c2-4191-a495-e44adce6de3e','2020-11-11 17:07:58.016','2020-11-11 17:07:58.016','Acesse o site','https://www.musixmatch.com/pt-br','fc6d0526-16f3-4d60-be22-dc5cad25eb49',0),
	 ('5fb0dab1-9943-4c31-a932-c53ec82e4940','2020-11-11 17:09:34.293','2020-11-11 17:09:34.293','Comunidade','http://t.musixmatch.com/communityslack','fc6d0526-16f3-4d60-be22-dc5cad25eb49',1),
	 ('b1a243ca-d5d1-4725-aca0-bf0635d1044c','2020-11-11 17:10:34.31','2020-11-11 17:10:34.31','Contribua','https://community.musixmatch.com/pt/guidelines','fc6d0526-16f3-4d60-be22-dc5cad25eb49',2),
	 ('dbd60d0d-899f-4981-b2f2-d533444b4776','2020-11-11 17:11:23.765','2020-11-11 17:11:23.765','Imprensa','https://drive.google.com/drive/folders/0B7YpCbpImamcfnpiWEUySTloUE51UXBpZWVsRWQxQ19qanNSUS16ZThIVjh0MXJyNXhnVFE','fc6d0526-16f3-4d60-be22-dc5cad25eb49',3);
INSERT INTO public.links (id,created_at,updated_at,title,url,page_id,sort_order) VALUES
	 ('4c66dcd8-e68a-4742-91d9-89dd0449ebf2','2020-11-27 19:04:34.116','2020-11-27 19:04:34.116','Cool Gif','https://i.pinimg.com/originals/e4/7b/0f/e47b0fd5381d80d40aa908df2e6dd7d8.gif','561c382b-4a48-4b30-8bc4-ce8f5c2a5c82',0),
	 ('ef662620-096d-41c8-bf66-e3b47ec1895e','2020-11-27 19:05:14.677','2020-11-27 19:05:14.677','Sam Harris is one of my FAVOURITE people','https://www.ted.com/talks/sam_harris_science_can_answer_moral_questions#t-1367381','561c382b-4a48-4b30-8bc4-ce8f5c2a5c82',1),
	 ('5b05fb22-c4cf-4cd4-99a8-876b23faf803','2020-03-11 22:09:13.211','2021-01-26 18:27:34.3','My website','https://lucapasquale.dev','54ac4a7a-d8fb-415b-86cd-7e42f450a843',0),
	 ('9ebce8b0-e752-454e-8a48-e0c68b7db33e','2020-03-11 22:09:26.029','2021-01-26 18:27:34.3','LivUp','https://www.livup.com.br','54ac4a7a-d8fb-415b-86cd-7e42f450a843',2),
	 ('bfee0153-d289-454b-aa05-b92f1ccdd5fc','2020-09-01 15:43:44.623','2021-01-26 18:27:34.3','LinkingBio','https://linkingbio.com','54ac4a7a-d8fb-415b-86cd-7e42f450a843',1);

INSERT INTO public.pages (id,slug,created_at,updated_at,user_id,theme) VALUES
	 ('4bf69177-b0e0-402b-aa8f-42e84490e599','nusadailycom','2020-03-11 21:45:57.412','2020-03-11 21:45:57.412','a4cd6ee0-2ca9-4467-9b4a-c7faf3f5ff04','DARK'),
	 ('31765816-140f-402a-9107-688ae2a9a095','mcanhisares','2020-03-17 18:33:39.806','2020-03-17 18:33:39.806','5c79faf2-41ce-4c07-a401-56c07d30da81','DARK'),
	 ('9df41be6-4989-48d7-88b5-1180a779f9a5','daniel','2020-04-07 18:04:38.643','2020-04-07 18:04:38.643','040ce76a-a7e2-40a9-b8d1-1dd37d63f8c8','DARK'),
	 ('169a8a8f-2633-418d-9a32-bbbcbbe52a07','sdf','2020-04-28 15:25:34.902','2020-04-28 15:32:43.19','6ddc8e56-5c9e-4c15-8df2-26cee76e5116','DARK'),
	 ('0f863e40-63cb-4bd9-9011-5cabdeebbe27','Juan Ranas','2020-05-02 12:41:56.871','2020-05-02 12:41:56.871','6f227cb4-7139-4782-acd0-55105a718769','DARK'),
	 ('51271552-b582-4f5a-9022-ec30ad7ce042','satu','2020-05-30 02:37:29.123','2020-05-30 02:37:29.123','fc6afe3d-a898-4415-a858-6c427a09a0bb','DARK'),
	 ('0b93042e-2d78-4ac6-8f5a-082b291578c2','OrganiKa.Earth','2020-07-18 14:38:37.219','2020-07-18 14:43:17.131','7dfae65a-e638-404b-b6e9-833bcd325609','DARK'),
	 ('d873cbbc-f432-4fa9-8c7a-29a913984cac','escoladovazio','2020-08-20 13:00:16.169','2020-08-20 13:00:16.169','1931ce86-1eb5-4df9-9157-7279814bb296','DARK'),
	 ('e68d0f9f-4128-44dd-90a2-7a35c132c10c','tacosdedatos','2020-10-09 19:20:30.872','2020-10-09 19:20:30.872','17fdd5c7-cd4a-4046-b416-9b3dc8efad86','DARK'),
	 ('2567a7a0-7235-495a-b7d1-d06a28b80f1f','moreno','2020-09-08 18:27:31.401','2020-09-08 18:27:31.401','3c00903f-bae0-4424-bedf-9255e23511a0','DARK');
INSERT INTO public.pages (id,slug,created_at,updated_at,user_id,theme) VALUES
	 ('0afdc87d-a584-4faf-b619-8f234378610b','becca','2020-03-11 21:47:48.345','2020-10-22 19:23:02.234','9c8e67be-4407-4e99-9afa-5e04a6162d55','PINK'),
	 ('54ac4a7a-d8fb-415b-86cd-7e42f450a843','luca','2020-03-11 22:08:34.311','2020-10-28 10:11:09.557','83c627fb-6dd6-46e0-a505-acdbc08f2a77','TAN'),
	 ('fc6d0526-16f3-4d60-be22-dc5cad25eb49','musixmatch','2020-11-11 17:06:52.549','2020-11-11 17:12:09.466','3f984fb4-a5d9-46ac-83e5-42da63de91a1','PINK'),
	 ('106c7417-8811-4b12-bf60-cd6e10e52a8e','waters','2020-11-24 19:37:11.797','2020-11-24 20:07:05.786','eeca80c7-6276-45dc-b55c-170158470919','PINK'),
	 ('680cd3e1-fa7c-44ae-b564-db37dafc6109','superduperdylan','2020-11-26 15:28:38.319','2020-11-26 15:32:47.229','0729f893-0261-49d0-afb9-97d1b6fcce06','LIGHT'),
	 ('561c382b-4a48-4b30-8bc4-ce8f5c2a5c82','lextoinfinity','2020-11-27 19:03:58.501','2020-11-27 19:05:46.622','d3a28ab6-5c0c-41ca-b998-cca0c5a6d93d','TAN'),
	 ('9acccb55-4185-4b1b-bfc1-7f89b0cbb2a4','karlabxo','2021-01-05 06:56:40.088','2021-01-05 06:57:17.168','c185eff5-7ee8-4a87-93ec-d57a44e41aa3','RED');


INSERT INTO public.users (id,created_at,updated_at,"name",email,hashed_password,avatar_url,social,recovery_token,"role") VALUES
	 ('5c79faf2-41ce-4c07-a401-56c07d30da81','2020-03-17 18:33:39.78','2020-03-17 18:33:39.78','Marcel ','marcel.canhisares@hotmail.com','$2a$08$eWgh7qjx8y/HG5.PQDkiAOpRJ5CYaPRCfvWZA3CofVX3lhXb4/gdW',NULL,'[]',NULL,'USER'),
	 ('040ce76a-a7e2-40a9-b8d1-1dd37d63f8c8','2020-04-07 18:04:38.629','2020-04-07 18:04:38.629','Daniel','danielrizzuto@hotmail.com','$2a$08$jshjmE4pp4ZsaeRfV9N7y.783nuCk06UDfCz2Io0Wq4Su9kpM6rlS',NULL,'[]',NULL,'USER'),
	 ('1931ce86-1eb5-4df9-9157-7279814bb296','2020-08-20 13:00:16.138','2020-08-24 11:32:26.296','Escola do Vazio','escoladovazio@gmail.com','$2a$08$/aO8JWxOM349tRrJAKKO.OcEI9bHnkvilpf7Qj2C4j4NNbEH3p83y',NULL,'[]',NULL,'USER'),
	 ('6f227cb4-7139-4782-acd0-55105a718769','2020-05-02 12:41:56.85','2020-05-02 12:59:15.306','Juan Ranas','irenevillanuevacollado@gmail.com','$2a$08$6DEWoXbak18QXA./kISnNurerf7beolzLFu5cA95FK1Z4uk1A2NSq',NULL,'[{"url": "https://www.instagram.com/JuanRanas", "kind": "INSTAGRAM", "username": "JuanRanas"}]',NULL,'USER'),
	 ('fc6afe3d-a898-4415-a858-6c427a09a0bb','2020-05-30 02:37:29.11','2020-05-30 02:37:29.11','Satish','satish.shendarkar@gmail.com','$2a$08$aBebQxCGrqlo83Hp/VhD1eqjwsgvqj/6DIgHgFqiAgjHGALmevpSa',NULL,'[]',NULL,'USER'),
	 ('17fdd5c7-cd4a-4046-b416-9b3dc8efad86','2020-10-09 19:20:30.851','2020-10-09 19:20:54.093','sergio sanchez','chekos@tacosdedatos.com','$2b$08$WS2OJrcbQrWF7K0DXgIQ7O7LTir5e0UYmdmoS4JAG5ylFgY.FfZHm',NULL,'[{"url": "https://www.twitter.com/tacosdedatos", "kind": "TWITTER", "username": "tacosdedatos"}, {"url": "https://www.facebook.com/tacosdedatos", "kind": "FACEBOOK", "username": "tacosdedatos"}, {"url": "https://www.instagram.com/tacosdedatos", "kind": "INSTAGRAM", "username": "tacosdedatos"}]',NULL,'USER'),
	 ('a4cd6ee0-2ca9-4467-9b4a-c7faf3f5ff04','2020-03-11 21:45:14.074','2020-11-04 00:39:08.582','Nusadaily.com','redaksi@nusadaily.com','$2a$08$mm6FG/e5/QZ7Bm8QBhCWIOyLx8eGqm9pk0A43z2hI3ja4k8R6E08y','http://res.cloudinary.com/linkingbio/image/upload/v1604461146/seppvqhjabqhdarlcfwg.png','[{"url": "https://www.twitter.com/nusadaily", "kind": "TWITTER", "username": "nusadaily"}, {"url": "https://www.facebook.com/nusadailycom", "kind": "FACEBOOK", "username": "nusadailycom"}, {"url": "https://www.instagram.com/nusadailycom", "kind": "INSTAGRAM", "username": "nusadailycom"}]',NULL,'USER'),
	 ('7dfae65a-e638-404b-b6e9-833bcd325609','2020-07-18 14:38:37.205','2020-11-04 00:39:09.705','OrganiKa Store','organika@luxustores.com','$2a$08$nhaV6rp6R/DfuJZtrPOLT.2TbuYfY3Nj.2z5O..IpRoh2ocDIo8WC','http://res.cloudinary.com/linkingbio/image/upload/v1604461149/f7biduduc71ykdifhdic.png','[{"url": "https://www.twitter.com/LuxuriosaS", "kind": "TWITTER", "username": "LuxuriosaS"}, {"url": "https://www.facebook.com/Luxuriosastore", "kind": "FACEBOOK", "username": "Luxuriosastore"}, {"url": "https://www.instagram.com/OrganiKa.earth", "kind": "INSTAGRAM", "username": "OrganiKa.earth"}]',NULL,'USER'),
	 ('6ddc8e56-5c9e-4c15-8df2-26cee76e5116','2020-04-28 15:25:34.886','2020-11-04 00:39:16.551','awsxqwdwe','japon71904@coalamails.com','$2a$08$iJGU1hGGL8FLsyMFduLg..RZ8qnMmdPa3Axc5/vEKLuwa.o8P5Qky','http://res.cloudinary.com/linkingbio/image/upload/v1604461150/dncra8msjamds1u1f5y6.jpg','[{"url": "https://www.instagram.com/layanaqueen77", "kind": "INSTAGRAM", "username": "layanaqueen77"}]',NULL,'USER'),
	 ('9c8e67be-4407-4e99-9afa-5e04a6162d55','2020-03-11 21:47:25.329','2020-11-04 00:39:17.665','Rebecca Arantes Ferreira','arantes.rbc@gmail.com','$2b$08$i/UGRY5y5SpBBDWO2pnKCejWjR7exroacyQdB2NVL1HkY77G3KBcO','http://res.cloudinary.com/linkingbio/image/upload/v1604461157/sutth9ljndt3m3kxmuno.jpg','[{"url": "https://www.facebook.com/rbc.arantes", "kind": "FACEBOOK", "username": "rbc.arantes"}, {"url": "https://www.instagram.com/beccaarantes", "kind": "INSTAGRAM", "username": "beccaarantes"}]',NULL,'USER');
INSERT INTO public.users (id,created_at,updated_at,"name",email,hashed_password,avatar_url,social,recovery_token,"role") VALUES
	 ('3c00903f-bae0-4424-bedf-9255e23511a0','2020-09-08 18:27:31.377','2020-11-04 00:39:23.895','Bárbara ','barbaramorenolima@gmail.com','$2b$08$Pq6edsEopqo/rFrpcDIdZe/EOazX779lWZdTwXFm0PO74aBwE9lyO','http://res.cloudinary.com/linkingbio/image/upload/v1604461158/jdqfy7ypiybhjfuwtoke.jpg','[{"url": "https://www.twitter.com/baabimoreno", "kind": "TWITTER", "username": "baabimoreno"}, {"url": "https://www.instagram.com/baabimoreno", "kind": "INSTAGRAM", "username": "baabimoreno"}]',NULL,'USER'),
	 ('eeca80c7-6276-45dc-b55c-170158470919','2020-11-24 19:37:11.713','2020-11-25 00:06:06.435','momom','saraiwaters92@gmail.com','$2b$08$STvvhIq.8411c9TUu1RWwuLmxHs06D8V6iLU2vRKTv3nD.cOmpFma',NULL,'[]',NULL,'USER'),
	 ('3f984fb4-a5d9-46ac-83e5-42da63de91a1','2020-11-11 17:06:52.469','2020-11-11 17:28:13.25','Musixmatch Brasil','falaedu@icloud.com','$2b$08$NlqbLqOZbwek0MyGncBQ3OYpvXCgYPP1F9T63Oaz8mxzwVbNa7gKy','http://res.cloudinary.com/linkingbio/image/upload/v1605126491/faob1zobndyvsj2rykiu.jpg','[{"url": "https://www.instagram.com/mxmbrasil", "kind": "INSTAGRAM", "username": "mxmbrasil"}]',NULL,'USER'),
	 ('c185eff5-7ee8-4a87-93ec-d57a44e41aa3','2021-01-05 06:56:40.056','2021-01-05 07:31:46.768','BottlesXO Marketing','karla@bottlesxo.com','$2b$08$Wwk3qHppxQEFQaBTqW002eBRZ1TxZ1DUI02m1r0tZeSBLg0lbvtY6','http://res.cloudinary.com/linkingbio/image/upload/v1609840738/ysirxxnkgj7zlim3e6zp.png','[{"url": "https://www.facebook.com/bottlesxo", "kind": "FACEBOOK", "username": "bottlesxo"}, {"url": "https://www.instagram.com/bottles_xo/", "kind": "INSTAGRAM", "username": "bottles_xo/"}, {"url": "https://www.linkedin.com/company/bottlesxo-international/", "kind": "LINKEDIN", "username": "company/bottlesxo-international/"}]',NULL,'USER'),
	 ('0729f893-0261-49d0-afb9-97d1b6fcce06','2020-11-26 15:28:38.29','2020-11-26 16:32:16.086','Dylan','vdyland@gmail.com','$2b$08$y1oNLgp/FJ6isgj42PY2KeWvOKTyXQ/5eoOvDAdE.77dasSMd1mGi',NULL,'[{"url": "https://www.instagram.com/superduperdylan", "kind": "INSTAGRAM", "username": "superduperdylan"}, {"url": "https://www.reddit.com/superduperdylan", "kind": "REDDIT", "username": "superduperdylan"}, {"url": "https://www.twitter.com/superduperdylan", "kind": "TWITTER", "username": "superduperdylan"}]',NULL,'USER'),
	 ('d3a28ab6-5c0c-41ca-b998-cca0c5a6d93d','2020-11-27 19:03:58.406','2020-11-27 19:03:58.406','Lex','alexisleewright3@gmail.com','$2b$08$LossPpBonI7wmNc6H42jl.0fFsmOHqvAxK.jBAhq0zasCEUL/N.je',NULL,'[]',NULL,'USER'),
	 ('83c627fb-6dd6-46e0-a505-acdbc08f2a77','2020-03-10 22:08:34','2020-12-07 15:24:47.783','Luca Pasquale','lucapasquale.094@gmail.com','$2b$08$Hboy.Y4xEGKoteWoFFWFJeMYvHGM6jCnwth38e9PbVjpN.TQUCkLe','http://res.cloudinary.com/linkingbio/image/upload/v1604530821/a5anowelwocyhsfopy52.jpg','[{"url": "https://www.instagram.com/luca_dipasquale", "kind": "INSTAGRAM", "username": "luca_dipasquale"}, {"url": "https://www.linkedin.com/in/luca-pasquale/", "kind": "LINKEDIN", "username": "in/luca-pasquale/"}]','8d3ebdfe-b87a-4eb0-81da-372e34b7565e','USER');
